<?xml version="1.0" encoding="UTF-8"?>
<!DOCTYPE codetemplates PUBLIC "-//NetBeans//DTD Editor Code Templates settings 1.0//EN" "http://www.netbeans.org/dtds/EditorCodeTemplates-1_0.dtd">
<codetemplates>
    <codetemplate abbreviation="f_read" xml:space="preserve">
        <code><![CDATA[class Read extends \PWork\Database\Select implements \PWork\Database\iCRUD {

    public function __construct() {
        parent::__construct(connection(), "SELECT * FROM " . '');
    }


    public function filterID($id) {
        parent::filter(new \PWork\Database\Data('', $id));
        return $this;
    }

    public function result() {
        $data = parent::run();

        if ($data) {
            $i = 0;
            foreach ($data as $line) {
                $instancia[$i] = new P();
                $instancia[$i]->set($line['']);


                $i++;
            }
            return $instancia;
        } else {
            return $data;
        }
    }
}]]></code>
    </codetemplate>
    <codetemplate abbreviation="wpph" contexts="wp-code" xml:space="preserve">
        <code><![CDATA[/*
Plugin Name: ${name}
Plugin URI: http://${url}/
Description: ${description}
Version: ${1.0.0}
Author: ${user}
Author URI: http://${author_url}/
License: ${GPLv2}
*/
${cursor}]]></code>
        <description><![CDATA[WordPress Snippet wordpress plugin header]]></description>
    </codetemplate>
    <codetemplate abbreviation="f_create" xml:space="preserve">
        <code><![CDATA[class Create extends \PWork\Database\Insert implements \PWork\Database\iCRUD {

    use \PWork\Util\tMessage;

    public function __construct(array $data) {
        parent::__construct(connection(), $table, $data);
    }

    public function result() {
        $run = parent::run();

        if ($run) {
            $this->setMessage("Cadastro efetuado com sucesso", E_USER_SUCCESS);
        } else {
            $this->setMessage("Opss, erro ao efetuar o cadastro.", E_USER_ERROR);
        }

        return $run;
    }

}]]></code>
    </codetemplate>
    <codetemplate abbreviation="update" xml:space="preserve">
        <code><![CDATA[class Update extends \PWork\Database\Update implements \PWork\Database\iCRUD {

    use \PWork\Util\tMessage;
    
    
    private $data;

    
    public function __construct($data) {
        $this->data = $data;

        parent::__construct(connection(), $table, $data);
        parent::where(new \PWork\Database\Data('coluna_filtro', 'valor'));
    }

    /**
     * Resultado da inserção
     * @return booleam
     */
    public function result() {
        $run = parent::run();
        
        if($run){
            $this->setMessage("Atualização efetuada com sucesso", E_USER_SUCCESS);
        }else{
            $this->setMessage("Opss, erro ao efetuar atualização.", E_USER_ERROR);
        }
        
        return $run;
    }

    
}]]></code>
    </codetemplate>
    <codetemplate abbreviation="azc-blank" xml:space="preserve">
        <code><![CDATA[require INC_TEMPLATE_HEAD_START;
require INC_TEMPLATE_HEAD_END;
require INC_BASE_HEAD;
?>

<!-- Page Header -->
<div class="content bg-gray-lighter">
    <div class="row items-push">
        <div class="col-sm-7">
            <h1 class="page-heading">
                XXXXX <small>YYYYYYYY</small>
            </h1>
        </div>
        <div class="col-sm-5 text-right hidden-xs">
            <ol class="breadcrumb push-10-t">
                <li>XXXXXXXX</li>
                <li><a class="link-effect" href="">YYYYYYY</a></li>
            </ol>
        </div>
    </div>
</div>
<!-- END Page Header -->

<!-- Page Content -->
<div class="content">
    <h2 class="content-heading">YYYYYYYYYY</h2>
    <p>...</p>
    <p>
        
    </p>
</div>
<!-- END Page Content -->

<?php
require INC_BASE_FOOTER;
require INC_TEMPLATE_FOOTER_START;
require INC_TEMPLATE_FOOTER_END;]]></code>
    </codetemplate>
    <codetemplate abbreviation="f_update" xml:space="preserve">
        <code><![CDATA[class Update extends \PWork\Database\Update implements \PWork\Database\iCRUD {

    use \PWork\Util\tMessage;

    private $data;

    
    public function __construct($data) {
        $this->data = $data;

        parent::__construct(connection(), $TABLE, $this->data);
        parent::where(new \PWork\Database\Data('XXXXX', $this->data['XXXX']));
    }

    /**
     * Resultado da inserção
     * @return booleam
     */
    public function result() {
        $run = parent::run();


        if ($run) {
            $this->setMessage("Atualização efetuada com sucesso", E_USER_SUCCESS);
        } else {
            $this->setMessage("Opss, erro ao efetuar atualização.", E_USER_ERROR);
        }


        return $run;
    }

    
}]]></code>
    </codetemplate>
    <codetemplate abbreviation="wpgpl" contexts="wp-code" xml:space="preserve">
        <code><![CDATA[/*  Copyright ${year} ${author_name} (email : ${email})

    This program is free software; you can redistribute it and/or modify
    it under the terms of the GNU General Public License, version 2, as
	published by the Free Software Foundation.

    This program is distributed in the hope that it will be useful,
    but WITHOUT ANY WARRANTY; without even the implied warranty of
    MERCHANTABILITY or FITNESS FOR A PARTICULAR PURPOSE.  See the
    GNU General Public License for more details.

    You should have received a copy of the GNU General Public License
    along with this program; if not, write to the Free Software
    Foundation, Inc., 51 Franklin St, Fifth Floor, Boston, MA  02110-1301  USA
*/
${cursor}]]></code>
        <description><![CDATA[WordPress Snippet wordpress gplv2]]></description>
    </codetemplate>
    <codetemplate abbreviation="trycustom" xml:space="preserve">
        <code><![CDATA[try {
    
} catch (ExceptionCustom $e) {
    echo $e->getMessageCustom();
} catch (Exception $e) {
    echo $e->getMessage();
}]]></code>
    </codetemplate>
    <codetemplate abbreviation="tryc" contexts="php-code" uuid="org.netbeans.modules.php.editor.codetemplate.tryc" xml:space="preserve">
        <code><![CDATA[try {
    ${cursor}
} catch (${Exception} $$${e}) {
    echo ErrorGet::run($$${e});
}
]]></code>
    </codetemplate>
    <codetemplate abbreviation="phpr" xml:space="preserve">
        <code><![CDATA[?>
${cursor}
<?php]]></code>
    </codetemplate>
</codetemplates>
