<?xml version="1.0" encoding="UTF-8"?>
<!DOCTYPE codetemplates PUBLIC "-//NetBeans//DTD Editor Code Templates settings 1.0//EN" "http://www.netbeans.org/dtds/EditorCodeTemplates-1_0.dtd">
<codetemplates>
    <codetemplate abbreviation="php" xml:space="preserve">
        <code><![CDATA[<?php ${cursor} ?>]]></code>
    </codetemplate>
    <codetemplate abbreviation="chain-base" xml:space="preserve">
        <code><![CDATA[<?php
Chain\View::headerStart();
Chain\View::headerEnd();

// Mapa de navegação
$map = new PWork\Menu\Menu();
$map->addMenu(new \PWork\Menu\MenuItem('Início', null));

// Titulo da página
echo (new Chain\PageHeader('fa fa-home', 'Bem vindo(a)!', $map))->show();
?>

<div class="contentpanel">

    <!-- CONTENT GOES HERE -->    

</div><!-- contentpanel -->

<?php
Chain\View::footerStart();
Chain\View::footerEnd();
]]></code>
    </codetemplate>
</codetemplates>
